order,name,type,format,year,varlab
1,ER30001,float,%9.0g,1968,1968 INTERVIEW NUMBER
2,ER30002,float,%9.0g,1968,PERSON NUMBER                         68
3,V5,float,%9.0g,1968,HOUSE VALUE
4,V103,byte,%8.0g,1968,OWN OR RENT
5,V115,float,%9.0g,1968,NUMBER IN FAMILY
6,V190,byte,%8.0g,1968,TYPE STRUCTURE
7,V439,float,%9.0g,1968,1968 FAMILY WEIGHT
8,ER30003,byte,%8.0g,1968,RELATIONSHIP TO HEAD                  68
9,ER30004,float,%9.0g,1968,AGE OF INDIVIDUAL                     68
10,ER30005,byte,%8.0g,1968,MARR PAIRS INDICATOR                  68
11,ER30006,byte,%8.0g,1968,WHETHER MOVED IN                      68
12,ER30019,float,%9.0g,1968,INDIVIDUAL WEIGHT                     68
13,V449,float,%9.0g,1969,HOUSE VALUE
14,V542,byte,%8.0g,1969,CHANGE IN FU COMP
15,V549,float,%9.0g,1969,TOTAL # IN FU
16,V593,byte,%8.0g,1969,OWN OR RENT?
17,V603,byte,%8.0g,1969,MOVED SINCE SPRNG68
18,V604,byte,%8.0g,1969,WHY MOVED
19,V791,byte,%8.0g,1969,SAME HEAD 68-69?
20,V810,byte,%8.0g,1969,TYPE OF STRUCTURE
21,V1014,float,%9.0g,1969,1969 FAMILY WEIGHT
22,ER30020,float,%9.0g,1969,1969 INTERVIEW NUMBER
23,ER30021,float,%9.0g,1969,SEQUENCE NUMBER                       69
24,ER30022,byte,%8.0g,1969,RELATIONSHIP TO HEAD                  69
25,ER30023,float,%9.0g,1969,AGE OF INDIVIDUAL                     69
26,ER30024,byte,%8.0g,1969,MARR PAIRS INDICATOR                  69
27,ER30025,byte,%8.0g,1969,WHETHER MOVED IN/OUT                  69
28,ER30042,float,%9.0g,1969,INDIVIDUAL WEIGHT                     69
29,V1109,byte,%8.0g,1970,CHANGE IN FU COMP
30,V1122,float,%9.0g,1970,HOUSE VALUE
31,V1238,float,%9.0g,1970,# IN FU
32,V1264,byte,%8.0g,1970,OWN OR RENT?
33,V1274,byte,%8.0g,1970,MOVED SINCE SPRING
34,V1275,byte,%8.0g,1970,WHY MOVED
35,V1461,byte,%8.0g,1970,SAME HEAD ?
36,V1499,byte,%8.0g,1970,TYPE OF STRUCTURE
37,V1609,float,%9.0g,1970,WEIGHT
38,ER30043,float,%9.0g,1970,1970 INTERVIEW NUMBER
39,ER30044,float,%9.0g,1970,SEQUENCE NUMBER                       70
40,ER30045,byte,%8.0g,1970,RELATIONSHIP TO HEAD                  70
41,ER30046,float,%9.0g,1970,AGE OF INDIVIDUAL                     70
42,ER30047,byte,%8.0g,1970,MARR PAIRS INDICATOR                  70
43,ER30048,byte,%8.0g,1970,WHETHER MOVED IN/OUT                  70
44,ER30066,float,%9.0g,1970,INDIVIDUAL WEIGHT                     70
45,V1809,byte,%8.0g,1971,CHANGE IN FU COMP
46,V1823,float,%9.0g,1971,HOUSE VALUE
47,V1941,float,%9.0g,1971,# IN FU
48,V1967,byte,%8.0g,1971,OWN OR RENT?
49,V1979,byte,%8.0g,1971,MOVED SINCE SPRING
50,V1980,byte,%8.0g,1971,WHY MOVED?
51,V2165,byte,%8.0g,1971,SAME HEAD?
52,V2211,byte,%8.0g,1971,TYPE OF STRUCTURE
53,V2321,float,%9.0g,1971,WEIGHT
54,ER30067,float,%9.0g,1971,1971 INTERVIEW NUMBER
55,ER30068,float,%9.0g,1971,SEQUENCE NUMBER                       71
56,ER30069,byte,%8.0g,1971,RELATIONSHIP TO HEAD                  71
57,ER30070,float,%9.0g,1971,AGE OF INDIVIDUAL                     71
58,ER30071,byte,%8.0g,1971,MARR PAIRS INDICATOR                  71
59,ER30072,byte,%8.0g,1971,WHETHER MOVED IN/OUT                  71
60,ER30090,float,%9.0g,1971,INDIVIDUAL WEIGHT                     71
61,V2410,byte,%8.0g,1972,CHANGE IN FU COMP
62,V2423,float,%9.0g,1972,HOUSE VALUE
63,V2541,float,%9.0g,1972,# IN FU
64,V2566,byte,%8.0g,1972,OWN OR RENT?
65,V2577,byte,%8.0g,1972,MOVED SINCE SPRING
66,V2578,byte,%8.0g,1972,WHY MOVED?
67,V2791,byte,%8.0g,1972,SAME HEAD?
68,V2837,byte,%8.0g,1972,TYPE OF STRUCTURE
69,V2968,float,%9.0g,1972,1972 WEIGHTS
70,ER30091,float,%9.0g,1972,1972 INTERVIEW NUMBER
71,ER30092,float,%9.0g,1972,SEQUENCE NUMBER                       72
72,ER30093,byte,%8.0g,1972,RELATIONSHIP TO HEAD                  72
73,ER30094,float,%9.0g,1972,AGE OF INDIVIDUAL                     72
74,ER30095,byte,%8.0g,1972,MARR PAIRS INDICATOR                  72
75,ER30096,byte,%8.0g,1972,WHETHER MOVED IN/OUT                  72
76,ER30116,float,%9.0g,1972,INDIVIDUAL WEIGHT                     72
77,V3010,byte,%8.0g,1973,FAM COMP CHANGE
78,V3021,float,%9.0g,1973,HOUSE VALUE
79,V3094,float,%9.0g,1973,NUMBER IN FU
80,V3108,byte,%8.0g,1973,OWN OR RENT
81,V3110,byte,%8.0g,1973,MOVED SINCE SPRING
82,V3111,byte,%8.0g,1973,WHY MOVED
83,V3217,byte,%8.0g,1973,WTR NEW HEAD 72
84,V3301,float,%9.0g,1973,1973 FAMILY WEIGHT
85,ER30117,float,%9.0g,1973,1973 INTERVIEW NUMBER
86,ER30118,float,%9.0g,1973,SEQUENCE NUMBER                       73
87,ER30119,byte,%8.0g,1973,RELATIONSHIP TO HEAD                  73
88,ER30120,float,%9.0g,1973,AGE OF INDIVIDUAL                     73
89,ER30121,byte,%8.0g,1973,MARR PAIRS INDICATOR                  73
90,ER30122,byte,%8.0g,1973,WHETHER MOVED IN/OUT                  73
91,ER30137,float,%9.0g,1973,INDIVIDUAL WEIGHT                     73
92,V3410,byte,%8.0g,1974,FAM COMP CHG
93,V3417,float,%9.0g,1974,HOUSE VALUE
94,V3507,float,%9.0g,1974,# IN FU
95,V3522,byte,%8.0g,1974,HOUSING STATUS
96,V3524,byte,%8.0g,1974,MOVED SINCE SPRING?
97,V3525,byte,%8.0g,1974,WHY MOVED?
98,V3639,byte,%8.0g,1974,WTR NEW HEAD IN FU
99,V3721,float,%9.0g,1974,1974 FAMILY WEIGHT
100,ER30138,float,%9.0g,1974,1974 INTERVIEW NUMBER
101,ER30139,float,%9.0g,1974,SEQUENCE NUMBER                       74
102,ER30140,byte,%8.0g,1974,RELATIONSHIP TO HEAD                  74
103,ER30141,float,%9.0g,1974,AGE OF INDIVIDUAL                     74
104,ER30142,byte,%8.0g,1974,MARR PAIRS INDICATOR                  74
105,ER30143,byte,%8.0g,1974,WHETHER MOVED IN/OUT                  74
106,ER30159,float,%9.0g,1974,INDIVIDUAL WEIGHT                     74
107,V3810,byte,%8.0g,1975,CHANGE IN FU COMP
108,V3817,float,%9.0g,1975,HOUSE VALUE
109,V3894,float,%9.0g,1975,ASSET Y OTHERS
110,V3920,float,%9.0g,1975,# IN FU
111,V3938,byte,%8.0g,1975,TYPE DWELLING UNIT
112,V3939,byte,%8.0g,1975,OWN/RENT
113,V3941,byte,%8.0g,1975,WTR MOVED SINCE SPG
114,V3943,byte,%8.0g,1975,WHY MOVED
115,V4114,byte,%8.0g,1975,WTR NEW HEAD
116,V4224,float,%9.0g,1975,1975 FAMILY WEIGHT
117,ER30160,float,%9.0g,1975,1975 INTERVIEW NUMBER
118,ER30161,float,%9.0g,1975,SEQUENCE NUMBER                       75
119,ER30162,byte,%8.0g,1975,RELATIONSHIP TO HEAD                  75
120,ER30163,float,%9.0g,1975,AGE OF INDIVIDUAL                     75
121,ER30164,byte,%8.0g,1975,MARR PAIRS INDICATOR                  75
122,ER30165,byte,%8.0g,1975,WHETHER MOVED IN/OUT                  75
123,ER30187,float,%9.0g,1975,INDIVIDUAL WEIGHT                     75
124,V4310,byte,%8.0g,1976,FAM COMP CHANGE
125,V4318,float,%9.0g,1976,HOUSE VALUE 1976      C4
126,V4408,byte,%8.0g,1976,BKT OTH ASSET Y
127,V4435,float,%9.0g,1976,NUMBER IN FU
128,V4449,byte,%8.0g,1976,TYPE OF DV            C2
129,V4450,byte,%8.0g,1976,OWN/RENT/OR WHAT      C3
130,V4452,byte,%8.0g,1976,MOVED SINCE SPRNG 75 C17
131,V4454,byte,%8.0g,1976,WHY DID YOU MOVE     C19
132,V4658,byte,%8.0g,1976,NEW HEAD THIS YR      K1
133,V5099,float,%9.0g,1976,1976 FAMILY WEIGHT
134,ER30188,float,%9.0g,1976,1976 INTERVIEW NUMBER
135,ER30189,float,%9.0g,1976,SEQUENCE NUMBER                       76
136,ER30190,byte,%8.0g,1976,RELATIONSHIP TO HEAD                  76
137,ER30191,float,%9.0g,1976,AGE OF INDIVIDUAL                     76
138,ER30192,byte,%8.0g,1976,MARR PAIRS INDICATOR                  76
139,ER30193,byte,%8.0g,1976,WHETHER MOVED IN/OUT                  76
140,ER30216,float,%9.0g,1976,INDIVIDUAL WEIGHT                     76
141,V5210,byte,%8.0g,1977,FAM COMP CHNG 1977
142,V5217,float,%9.0g,1977,1977 HOUSE VALUE (C5)
143,V5320,byte,%8.0g,1977,BKT OTH 76 ASSET Y
144,V5349,float,%9.0g,1977,# IN FU
145,V5363,byte,%8.0g,1977,TYPE DWELLING         C2
146,V5364,byte,%8.0g,1977,OWN/RENT OR WHAT?     C3
147,V5366,byte,%8.0g,1977,MOVED SINCE SPR 1976?C22
148,V5368,byte,%8.0g,1977,WHY MOVED            C24
149,V5578,byte,%8.0g,1977,WTR NEW HD            K1
150,V5665,float,%9.0g,1977,1977 FAMILY WEIGHT
151,ER30217,float,%9.0g,1977,1977 INTERVIEW NUMBER
152,ER30218,float,%9.0g,1977,SEQUENCE NUMBER                       77
153,ER30219,byte,%8.0g,1977,RELATIONSHIP TO HEAD                  77
154,ER30220,float,%9.0g,1977,AGE OF INDIVIDUAL                     77
155,ER30221,byte,%8.0g,1977,MARR PAIRS INDICATOR                  77
156,ER30222,byte,%8.0g,1977,WHETHER MOVED IN/OUT                  77
157,ER30245,float,%9.0g,1977,INDIVIDUAL WEIGHT                     77
158,V5710,byte,%8.0g,1978,FAMILY COMP CHNG 1978
159,V5717,float,%9.0g,1978,1978 HOUSE VALUE (C5)
160,V5819,byte,%8.0g,1978,BKT OTH 1977 ASSET Y
161,V5849,float,%9.0g,1978,# IN FU
162,V5863,byte,%8.0g,1978,C2 TYPE DWELLING
163,V5864,byte,%8.0g,1978,C3 OWN/RENT OR WHAT
164,V5866,byte,%8.0g,1978,C20 MOVE SINCE SPR 1977
165,V5868,byte,%8.0g,1978,C22 WHY MOVE
166,V6127,byte,%8.0g,1978,K1 WTR NEW HEAD
167,V6212,float,%9.0g,1978,78 UPDATED FAM WEIGHT
168,ER30246,float,%9.0g,1978,1978 INTERVIEW NUMBER
169,ER30247,float,%9.0g,1978,SEQUENCE NUMBER                       78
170,ER30248,byte,%8.0g,1978,RELATIONSHIP TO HEAD                  78
171,ER30249,float,%9.0g,1978,AGE OF INDIVIDUAL                     78
172,ER30250,byte,%8.0g,1978,MARR PAIRS INDICATOR                  78
173,ER30251,byte,%8.0g,1978,WHETHER MOVED IN/OUT                  78
174,ER30282,float,%9.0g,1978,INDIVIDUAL WEIGHT                     78
175,V6310,byte,%8.0g,1979,FAMILY COMP CHNG 1979
176,V6319,float,%9.0g,1979,1979 HOUSE VALUE (B5)
177,V6430,byte,%8.0g,1979,BKT OTH 1978 ASSET Y
178,V6461,float,%9.0g,1979,# IN FU
179,V6478,byte,%8.0g,1979,B2 TYPE DWELLING
180,V6479,byte,%8.0g,1979,B3 OWN/RENT OR WHAT
181,V6484,byte,%8.0g,1979,B21 MOVE SINCE SPR 1978
182,V6486,byte,%8.0g,1979,B23 WHY MOVE
183,V6724,byte,%8.0g,1979,M1 WTR NEW HEAD
184,V6805,float,%9.0g,1979,79 FAMILY WEIGHT
185,ER30283,float,%9.0g,1979,1979 INTERVIEW NUMBER
186,ER30284,float,%9.0g,1979,SEQUENCE NUMBER                       79
187,ER30285,byte,%8.0g,1979,RELATIONSHIP TO HEAD                  79
188,ER30286,float,%9.0g,1979,AGE OF INDIVIDUAL                     79
189,ER30287,byte,%8.0g,1979,MARR PAIRS INDICATOR                  79
190,ER30288,byte,%8.0g,1979,WHETHER MOVED IN/OUT                  79
191,ER30312,float,%9.0g,1979,INDIVIDUAL WEIGHT                     79
192,V6910,byte,%8.0g,1980,FAM COMP CHANGE 1980
193,V6917,float,%9.0g,1980,1980 HOUSE VALUE (B7)
194,V7035,byte,%8.0g,1980,BKT OTH 1979 ASSET Y
195,V7066,float,%9.0g,1980,# IN FU
196,V7081,byte,%8.0g,1980,B2 TYPE DWELLING
197,V7084,byte,%8.0g,1980,B5 OWN/RENT OR WHAT
198,V7089,byte,%8.0g,1980,B23 MOVE SINCE SPR 1979
199,V7091,byte,%8.0g,1980,B25 WHY MOVED
200,V7357,byte,%8.0g,1980,M1 WTR NEW HEAD
201,V7451,float,%9.0g,1980,1980 FAMILY WEIGHT
202,ER30313,float,%9.0g,1980,1980 INTERVIEW NUMBER
203,ER30314,float,%9.0g,1980,SEQUENCE NUMBER                       80
204,ER30315,byte,%8.0g,1980,RELATIONSHIP TO HEAD                  80
205,ER30316,float,%9.0g,1980,AGE OF INDIVIDUAL                     80
206,ER30317,byte,%8.0g,1980,MARR PAIRS INDICATOR                  80
207,ER30318,byte,%8.0g,1980,WHETHER MOVED IN/OUT                  80
208,ER30342,float,%9.0g,1980,INDIVIDUAL WEIGHT                     80
209,V7510,byte,%8.0g,1981,FAM COMP CHANGE-1981
210,V7517,float,%9.0g,1981,1981 HOUSE VALUE (B7)
211,V7627,byte,%8.0g,1981,BKT OTR 1980 ASSET Y
212,V7657,float,%9.0g,1981,# IN FU
213,V7672,byte,%8.0g,1981,B2 TYPE DWELLING
214,V7675,byte,%8.0g,1981,B5 OWN/RENT OR WHAT
215,V7700,byte,%8.0g,1981,B34 MOVD SINCE SPR 1980?
216,V7702,byte,%8.0g,1981,B36 WHY MOVED
217,V8009,byte,%8.0g,1981,M1 WTR NEW HEAD IN FU
218,V8103,float,%9.0g,1981,1981 FAMILY WEIGHT
219,ER30343,float,%9.0g,1981,1981 INTERVIEW NUMBER
220,ER30344,float,%9.0g,1981,SEQUENCE NUMBER                       81
221,ER30345,byte,%8.0g,1981,RELATIONSHIP TO HEAD                  81
222,ER30346,float,%9.0g,1981,AGE OF INDIVIDUAL                     81
223,ER30347,byte,%8.0g,1981,MARR PAIRS INDICATOR                  81
224,ER30348,byte,%8.0g,1981,WHETHER MOVED IN/OUT                  81
225,ER30372,float,%9.0g,1981,INDIVIDUAL WEIGHT                     81
226,V8210,byte,%8.0g,1982,FAM COMP CHANGE-1982
227,V8217,float,%9.0g,1982,1982 HOUSE VALUE (B6)
228,V8320,byte,%8.0g,1982,BKT OTR 1981 ASSET Y
229,V8351,float,%9.0g,1982,# IN FU
230,V8364,byte,%8.0g,1982,B5 OWN/RENT OR WHAT
231,V8369,byte,%8.0g,1982,B17 MOVD SINCE SPR 1981?
232,V8370,byte,%8.0g,1982,B18 WHY MOVED
233,V8633,byte,%8.0g,1982,M1 WTR NEW HEAD IN FU
234,V8727,float,%9.0g,1982,1982 FAMILY WEIGHT
235,ER30373,float,%9.0g,1982,1982 INTERVIEW NUMBER
236,ER30374,float,%9.0g,1982,SEQUENCE NUMBER                       82
237,ER30375,byte,%8.0g,1982,RELATIONSHIP TO HEAD                  82
238,ER30376,float,%9.0g,1982,AGE OF INDIVIDUAL                     82
239,ER30377,byte,%8.0g,1982,MARR PAIRS INDICATOR                  82
240,ER30378,byte,%8.0g,1982,WHETHER MOVED IN/OUT                  82
241,ER30398,float,%9.0g,1982,INDIVIDUAL WEIGHT                     82
242,V8810,byte,%8.0g,1983,FAM COMP CHANGE-1983
243,V8817,float,%9.0g,1983,1983 HOUSE VALUE (B7)
244,V8928,float,%9.0g,1983,OFUM 1982 ASSET Y
245,V8960,float,%9.0g,1983,# IN FU
246,V8970,byte,%8.0g,1983,B2 TYPE DU
247,V8974,byte,%8.0g,1983,B6 OWN/RENT OR WHAT
248,V8999,byte,%8.0g,1983,B34 MOVD SINCE SPR 1982?
249,V9001,byte,%8.0g,1983,B36 WHY MOVED
250,V9319,byte,%8.0g,1983,M1 WTR NEW HEAD IN FU
251,V9433,float,%9.0g,1983,1983 FAMILY WEIGHT
252,ER30399,float,%9.0g,1983,1983 INTERVIEW NUMBER
253,ER30400,float,%9.0g,1983,SEQUENCE NUMBER                       83
254,ER30401,float,%9.0g,1983,RELATIONSHIP TO HEAD                  83
255,ER30402,float,%9.0g,1983,AGE OF INDIVIDUAL                     83
256,ER30405,byte,%8.0g,1983,MARR PAIRS INDICATOR                  83
257,ER30406,byte,%8.0g,1983,WHETHER MOVED IN/OUT                  83
258,ER30428,float,%9.0g,1983,INDIVIDUAL WEIGHT                     83
259,V10010,byte,%8.0g,1984,FAM COMP CHANGE-1984
260,V10017,byte,%8.0g,1984,TYPE OF INSTITUTION-1984
261,V10018,float,%9.0g,1984,1984 HOUSE VALUE (B7)
262,V10384,float,%9.0g,1984,OFUM 1983 ASSET Y
263,V10418,float,%9.0g,1984,# IN FU
264,V10433,byte,%8.0g,1984,B2 TYPE HU
265,V10437,byte,%8.0g,1984,B6 OWN/RENT OR WHAT
266,V10447,byte,%8.0g,1984,B27 MOVD SINCE SPR 1983?
267,V10449,byte,%8.0g,1984,B29 WHY MOVED
268,V10877,byte,%8.0g,1984,K91 H RATE HEALTH 84
269,V10884,byte,%8.0g,1984,K98 WIFE HEALTH IN 84
270,V10966,byte,%8.0g,1984,M1 WTR NEW HEAD IN FU
271,V11079,float,%9.0g,1984,1984 FAMILY WEIGHT
272,ER30429,float,%9.0g,1984,1984 INTERVIEW NUMBER
273,ER30430,float,%9.0g,1984,SEQUENCE NUMBER                       84
274,ER30431,float,%9.0g,1984,RELATIONSHIP TO HEAD                  84
275,ER30432,float,%9.0g,1984,AGE OF INDIVIDUAL                     84
276,ER30435,byte,%8.0g,1984,MARR PAIRS INDICATOR                  84
277,ER30436,byte,%8.0g,1984,WHETHER MOVED IN/OUT                  84
278,ER30462,float,%9.0g,1984,INDIVIDUAL WEIGHT                     84
279,V11112,byte,%8.0g,1985,FAM COMP CHANGE       85
280,V11124,byte,%8.0g,1985,TYPE INSTITUTION      85
281,V11125,float,%9.0g,1985,1985 HOUSE VALUE   (A10)
282,V11563,float,%9.0g,1985,OFUM 84 ASSET Y
283,V11605,float,%9.0g,1985,# IN FU
284,V11613,byte,%8.0g,1985,A4 TYPE DU
285,V11618,byte,%8.0g,1985,A9 OWN/RENT OR WHAT
286,V11628,byte,%8.0g,1985,A29 MOVD SINCE SPG 84?
287,V11630,byte,%8.0g,1985,A31 WHY MOVED
288,V11906,byte,%8.0g,1985,G1 CKPT: WTR NEW HEAD
289,V11991,byte,%8.0g,1985,H27 HEALTH NOW-HEAD
290,V12344,byte,%8.0g,1985,P6 HEALTH NOW-WIFE
291,V12415,byte,%8.0g,1985,# INDS IN HLTH CARE FAC
292,V12446,float,%9.0g,1985,1985 FAMILY WEIGHT
293,ER30463,float,%9.0g,1985,1985 INTERVIEW NUMBER
294,ER30464,float,%9.0g,1985,SEQUENCE NUMBER                       85
295,ER30465,float,%9.0g,1985,RELATIONSHIP TO HEAD                  85
296,ER30466,float,%9.0g,1985,AGE OF INDIVIDUAL                     85
297,ER30469,byte,%8.0g,1985,MARR PAIRS INDICATOR                  85
298,ER30470,byte,%8.0g,1985,WHETHER MOVED IN/OUT                  85
299,ER30497,float,%9.0g,1985,INDIVIDUAL WEIGHT                     85
300,V12510,byte,%8.0g,1986,FAM COMP CHANGE       86
301,V12523,byte,%8.0g,1986,TYPE INSTITUTION      86
302,V12524,float,%9.0g,1986,1986 HOUSE VALUE   (A10)
303,V12970,float,%9.0g,1986,OFUM 85 ASSET Y
304,V13010,float,%9.0g,1986,# IN FU
305,V13018,byte,%8.0g,1986,A4 TYPE DU
306,V13023,byte,%8.0g,1986,A9 OWN/RENT OR WHAT
307,V13037,byte,%8.0g,1986,A33 MOVD SINCE SPG 85?
308,V13039,byte,%8.0g,1986,A35 WHY MOVED
309,V13417,byte,%8.0g,1986,H1 STATUS OF HEALTH-HEAD
310,V13452,byte,%8.0g,1986,H37 STATUS OF HLTH  WIFE
311,V13533,byte,%8.0g,1986,L1 CKPT: WTR NEW HEAD
312,V13655,byte,%8.0g,1986,# INDS IN HLTH CARE FAC
313,V13687,float,%9.0g,1986,1986 FAMILY WEIGHT
314,ER30498,float,%9.0g,1986,1986 INTERVIEW NUMBER
315,ER30499,float,%9.0g,1986,SEQUENCE NUMBER                       86
316,ER30500,float,%9.0g,1986,RELATIONSHIP TO HEAD                  86
317,ER30501,float,%9.0g,1986,AGE OF INDIVIDUAL                     86
318,ER30504,byte,%8.0g,1986,MARR PAIRS INDICATOR                  86
319,ER30505,byte,%8.0g,1986,WHETHER MOVED IN/OUT                  86
320,ER30527,byte,%8.0g,1986,H1/37/69 HLTH STATUS                  86
321,ER30534,float,%9.0g,1986,INDIVIDUAL WEIGHT                     86
322,V13710,byte,%8.0g,1987,FAM COMP CHANGE       87
323,V13723,byte,%8.0g,1987,TYPE INSTITUTION      87
324,V13724,float,%9.0g,1987,1987 HOUSE VALUE   (A10)
325,V14072,float,%9.0g,1987,OFUM 86 ASSET Y
326,V14113,float,%9.0g,1987,# IN FU
327,V14121,byte,%8.0g,1987,A4 TYPE DU
328,V14126,byte,%8.0g,1987,A9 OWN/RENT OR WHAT
329,V14140,byte,%8.0g,1987,A33 MOVED SINCE SPG 86?
330,V14142,byte,%8.0g,1987,A35 WHY MOVED
331,V14513,byte,%8.0g,1987,H1 STATUS OF HEALTH-HEAD
332,V14524,byte,%8.0g,1987,H13 STATUS OF HLTH-WIFE
333,V14580,byte,%8.0g,1987,L1 CKPT: WTR NEW HEAD
334,V14702,byte,%8.0g,1987,# INDS IN HLTH CARE FAC
335,V14737,float,%9.0g,1987,1987 FAMILY WEIGHT
336,ER30535,float,%9.0g,1987,1987 INTERVIEW NUMBER
337,ER30536,float,%9.0g,1987,SEQUENCE NUMBER                       87
338,ER30537,float,%9.0g,1987,RELATIONSHIP TO HEAD                  87
339,ER30538,float,%9.0g,1987,AGE OF INDIVIDUAL                     87
340,ER30541,byte,%8.0g,1987,MARR PAIRS INDICATOR                  87
341,ER30542,byte,%8.0g,1987,WHETHER MOVED IN/OUT                  87
342,ER30569,float,%9.0g,1987,INDIVIDUAL WEIGHT                     87
343,V14810,byte,%8.0g,1988,FAM COMP CHANGE       88
344,V14823,byte,%8.0g,1988,TYPE INSTITUTION      88
345,V14824,float,%9.0g,1988,1988 HOUSE VALUE   (A9)
346,V15087,float,%9.0g,1988,OFUM 87 ASSET Y
347,V15129,float,%9.0g,1988,# IN FU
348,V15137,byte,%8.0g,1988,A4 TYPE DU
349,V15140,byte,%8.0g,1988,A8 OWN/RENT OR WHAT
350,V15148,byte,%8.0g,1988,A18 MOVED SINCE SPG 87?
351,V15150,byte,%8.0g,1988,A20 WHY MOVED
352,V15993,byte,%8.0g,1988,H1 STATUS OF HEALTH-HEAD
353,V15999,byte,%8.0g,1988,H8 STATUS OF HLTH-WIFE
354,V16054,byte,%8.0g,1988,L1 CKPT: WTR NEW HEAD
355,V16176,byte,%8.0g,1988,# INDS IN HLTH CARE FAC
356,V16208,float,%9.0g,1988,1988 FAMILY WEIGHT
357,ER30570,float,%9.0g,1988,1988 INTERVIEW NUMBER
358,ER30571,float,%9.0g,1988,SEQUENCE NUMBER                       88
359,ER30572,float,%9.0g,1988,RELATION TO HEAD                      88
360,ER30573,float,%9.0g,1988,AGE OF INDIVIDUAL                     88
361,ER30576,byte,%8.0g,1988,MARITAL INDICATOR-IND                 88
362,ER30577,byte,%8.0g,1988,MOVED IN/OUT                          88
363,ER30598,byte,%8.0g,1988,H13 OFUM HEALTH GOOD                  88
364,ER30605,float,%9.0g,1988,INDIVIDUAL WEIGHT                     88
365,V16310,byte,%8.0g,1989,FAM COMP CHANGE       89
366,V16323,byte,%8.0g,1989,TYPE INSTITUTION      89
367,V16324,float,%9.0g,1989,1989 HOUSE VALUE   (A9)
368,V16587,float,%9.0g,1989,OFUM 88 ASSET Y
369,V16630,float,%9.0g,1989,# IN FU
370,V16638,byte,%8.0g,1989,A4 TYPE DU
371,V16641,byte,%8.0g,1989,A8 OWN/RENT OR WHAT
372,V16649,byte,%8.0g,1989,A18 MOVED SINCE SPG 88?
373,V16651,byte,%8.0g,1989,A20 WHY MOVED
374,V17390,byte,%8.0g,1989,H1 STATUS OF HEALTH-HEAD
375,V17396,byte,%8.0g,1989,H8 STATUS OF HLTH-WIFE
376,V17451,byte,%8.0g,1989,L1 CKPT: WTR NEW HEAD
377,V17558,byte,%8.0g,1989,# INDS IN HLTH CARE FAC
378,V17612,float,%9.0g,1989,1989 FAMILY WEIGHT
379,ER30606,float,%9.0g,1989,1989 INTERVIEW NUMBER
380,ER30607,float,%9.0g,1989,SEQUENCE NUMBER                       89
381,ER30608,float,%9.0g,1989,RELATION TO HEAD                      89
382,ER30609,float,%9.0g,1989,AGE OF INDIVIDUAL                     89
383,ER30612,byte,%8.0g,1989,MARITAL INDICATOR-IND                 89
384,ER30613,byte,%8.0g,1989,MOVED IN/OUT                          89
385,ER30634,byte,%8.0g,1989,H13 OFUM HEALTH GOOD                  89
386,ER30641,float,%9.0g,1989,INDIVIDUAL WEIGHT                     89
387,V17710,byte,%8.0g,1990,FAM COMP CHANGE       90
388,V17723,byte,%8.0g,1990,TYPE INSTITUTION      90
389,V17724,float,%9.0g,1990,1990 HOUSE VALUE  (A16)
390,V18003,float,%9.0g,1990,OFUM 89 ASSET Y
391,V18048,float,%9.0g,1990,# IN FU
392,V18056,byte,%8.0g,1990,A4 TYPE DU
393,V18057,byte,%8.0g,1990,A6 LIVE IN ELDERLY HSNG
394,V18058,byte,%8.0g,1990,A7 TYPE ELDERLY HSNG
395,V18059,byte,%8.0g,1990,A8 PROVIDE XTRA SERVICES
396,V18072,byte,%8.0g,1990,A15 OWN/RENT OR WHAT
397,V18087,byte,%8.0g,1990,A38 MOVED SINCE SPG 89?
398,V18089,byte,%8.0g,1990,A40 WHY MOVED
399,V18721,byte,%8.0g,1990,H1 STATUS OF HEALTH-HEAD
400,V18727,byte,%8.0g,1990,H8 STATUS OF HLTH-WIFE
401,V18782,byte,%8.0g,1990,M1 CKPT: WTR NEW HEAD
402,V18912,byte,%8.0g,1990,# INDS IN HLTH CARE FACL
403,V18943,float,%9.0g,1990,1990 CORE FAMILY WEIGHT
404,ER30642,float,%9.0g,1990,1990 INTERVIEW NUMBER
405,ER30643,float,%9.0g,1990,SEQUENCE NUMBER                       90
406,ER30644,float,%9.0g,1990,RELATION TO HEAD                      90
407,ER30645,float,%9.0g,1990,AGE OF INDIVIDUAL                     90
408,ER30648,byte,%8.0g,1990,MARITAL INDICATOR-IND                 90
409,ER30649,byte,%8.0g,1990,MOVED IN/OUT                          90
410,ER30671,byte,%8.0g,1990,H13 OFUM HEALTH GOOD                  90
411,ER30686,float,%9.0g,1990,CORE IND WEIGHT                       90
412,V19010,byte,%8.0g,1991,FAM COMP CHANGE       91
413,V19023,byte,%8.0g,1991,TYPE INSTITUTION      91
414,V19024,float,%9.0g,1991,1991 HOUSE VALUE  (A16)
415,V19303,float,%9.0g,1991,OFUM 90 ASSET Y
416,V19348,float,%9.0g,1991,# IN FU
417,V19356,byte,%8.0g,1991,A4 TYPE DU
418,V19357,byte,%8.0g,1991,A6 LIVE IN ELDERLY HSNG
419,V19358,byte,%8.0g,1991,A7 TYPE ELDERLY HSNG
420,V19359,byte,%8.0g,1991,A8 PROVIDE XTRA SERVICES
421,V19372,byte,%8.0g,1991,A15 OWN/RENT OR WHAT
422,V19387,byte,%8.0g,1991,A38 MOVED SINCE SPG 90?
423,V19389,byte,%8.0g,1991,A40 WHY MOVED
424,V20021,byte,%8.0g,1991,H1 STATUS OF HEALTH-HEAD
425,V20027,byte,%8.0g,1991,H8 STATUS OF HLTH-WIFE
426,V20082,byte,%8.0g,1991,L1 CKPT: WTR NEW HEAD
427,V20212,byte,%8.0g,1991,# INDS IN HLTH CARE FACL
428,V20243,float,%9.0g,1991,1991 CORE FAMILY WEIGHT
429,ER30689,float,%9.0g,1991,1991 INTERVIEW NUMBER
430,ER30690,float,%9.0g,1991,SEQUENCE NUMBER                       91
431,ER30691,float,%9.0g,1991,RELATION TO HEAD                      91
432,ER30692,float,%9.0g,1991,AGE OF INDIVIDUAL                     91
433,ER30695,byte,%8.0g,1991,MARITAL INDICATOR-IND                 91
434,ER30696,byte,%8.0g,1991,MOVED IN/OUT                          91
435,ER30719,byte,%8.0g,1991,H13 OFUM HEALTH GOOD                  91
436,ER30730,float,%9.0g,1991,CORE IND WEIGHT                       91
437,V20310,byte,%8.0g,1992,FAM COMP CHANGE       92
438,V20323,byte,%8.0g,1992,TYPE INSTITUTION      92
439,V20324,float,%9.0g,1992,1992 HOUSE VALUE  (A20)
440,V20603,float,%9.0g,1992,OFUM 91 ASSET Y
441,V20650,float,%9.0g,1992,# IN FU
442,V20658,byte,%8.0g,1992,A4 TYPE DU
443,V20659,byte,%8.0g,1992,A6 LIVE IN ELDERLY HSNG
444,V20660,byte,%8.0g,1992,A7 TYPE ELDERLY HSNG
445,V20672,byte,%8.0g,1992,A19 OWN/RENT OR WHAT
446,V20687,byte,%8.0g,1992,A42 MOVED SINCE SPG 91?
447,V20689,byte,%8.0g,1992,A44 WHY MOVED
448,V21321,byte,%8.0g,1992,H1 STATUS OF HEALTH-HEAD
449,V21328,byte,%8.0g,1992,H28 STATUS OF HLTH-WIFE
450,V21388,byte,%8.0g,1992,M1 CKPT: WTR NEW HEAD
451,V21518,byte,%8.0g,1992,# INDS IN HLTH CARE FACL
452,V21547,float,%9.0g,1992,1992 CORE FAMILY WEIGHT
453,ER30733,float,%9.0g,1992,1992 INTERVIEW NUMBER
454,ER30734,float,%9.0g,1992,SEQUENCE NUMBER                       92
455,ER30735,float,%9.0g,1992,RELATION TO HEAD                      92
456,ER30736,float,%9.0g,1992,AGE OF INDIVIDUAL                     92
457,ER30739,byte,%8.0g,1992,MARR PAIRS INDICATOR                  92
458,ER30740,byte,%8.0g,1992,MOVED IN/OUT                          92
459,ER30764,byte,%8.0g,1992,H53 OFUM HEALTH GOOD                  92
460,ER30803,float,%9.0g,1992,CORE IND WEIGHT                       92
461,V21608,byte,%8.0g,1993,1993 FAMILY COMPOSITION CHANGE
462,V21609,byte,%8.0g,1993,TYPE INSTITUTION IN 1993
463,V21610,float,%9.0g,1993,A20 1993 HOUSE VALUE
464,V22371,float,%9.0g,1993,OFUM 1992 ASSET INCOME
465,V22405,float,%9.0g,1993,NUMBER IN FAMILY UNIT
466,V22413,byte,%8.0g,1993,A4 TYPE DWELLING UNIT
467,V22414,byte,%8.0g,1993,A6 WTR LIVE IN ELDERLY HOUSING
468,V22415,byte,%8.0g,1993,A7 TYPE ELDERLY HOUSING
469,V22427,byte,%8.0g,1993,A19 WTR OWN/RENT OR WHAT
470,V22441,byte,%8.0g,1993,A42 WTR MOVED SINCE SPRING 1992
471,V22444,byte,%8.0g,1993,A44 WHY MOVED
472,V23180,byte,%8.0g,1993,H1 HD HEALTH STATUS
473,V23187,byte,%8.0g,1993,H28 WF HEALTH STATUS
474,V23245,byte,%8.0g,1993,L1 CKPT: WTR NEW HEAD IN 1993
475,ER30806,float,%9.0g,1993,1993 INTERVIEW NUMBER
476,ER30807,float,%9.0g,1993,SEQUENCE NUMBER                       93
477,ER30808,float,%9.0g,1993,RELATION TO HEAD                      93
478,ER30809,float,%9.0g,1993,AGE OF INDIVIDUAL                     93
479,ER30812,byte,%8.0g,1993,MARITAL PAIRS INDICATOR               93
480,ER30813,byte,%8.0g,1993,MOVED IN/OUT                          93
481,ER30827,byte,%8.0g,1993,HEALTH GOOD?                          93
482,ER2005A,byte,%8.0g,1994,FAMILY COMPOSITION CHANGE
483,ER2006,float,%9.0g,1994,# IN FU
484,ER2015,byte,%8.0g,1994,A4 TYPE DU
485,ER2016,byte,%8.0g,1994,A6 LIVE IN ELDERLY HSNG
486,ER2017,byte,%8.0g,1994,A7 TYPE ELDERLY HSNG
487,ER2032,byte,%8.0g,1994,A19 OWN/RENT OR WHAT
488,ER2033,float,%9.0g,1994,A20 HOUSE VALUE
489,ER2062,byte,%8.0g,1994,A42 MOVED SINCE SPG?
490,ER2065,byte,%8.0g,1994,A44 WHY MOVED 1ST
491,ER3853,byte,%8.0g,1994,H1 STATUS OF HEALTH-HEAD
492,ER3858,byte,%8.0g,1994,H28 STATUS OF HLTH-WIFE
493,ER3917,byte,%8.0g,1994,L1 CKPT: WTR NEW HEAD
494,ER33101,float,%9.0g,1994,1994 INTERVIEW NUMBER
495,ER33102,float,%9.0g,1994,SEQUENCE NUMBER                       94
496,ER33103,float,%9.0g,1994,RELATION TO HEAD                      94
497,ER33104,float,%9.0g,1994,AGE OF INDIVIDUAL                     94
498,ER33107,byte,%8.0g,1994,MARITAL PAIRS INDICAT                 94
499,ER33108,byte,%8.0g,1994,MOVED IN/OUT                          94
500,ER33117,byte,%8.0g,1994,HEALTH GOOD?                          94
501,ER5004A,byte,%8.0g,1995,FAMILY COMPOSITION CHANGE
502,ER5005,float,%9.0g,1995,# IN FU
503,ER5014,byte,%8.0g,1995,A4 TYPE DU
504,ER5015,byte,%8.0g,1995,A6 LIVE IN ELDERLY HSNG
505,ER5016,byte,%8.0g,1995,A7 TYPE ELDERLY HSNG
506,ER5031,byte,%8.0g,1995,A19 OWN/RENT OR WHAT
507,ER5032,float,%9.0g,1995,A20 HOUSE VALUE
508,ER5061,byte,%8.0g,1995,A42 MOVED SINCE SPG?
509,ER5064,byte,%8.0g,1995,A44 WHY MOVED 1ST
510,ER6723,byte,%8.0g,1995,H1 STATUS OF HEALTH-HEAD
511,ER6728,byte,%8.0g,1995,H28 STATUS OF HLTH-WIFE
512,ER6787,byte,%8.0g,1995,L1 CKPT: WTR NEW HEAD
513,ER33201,float,%9.0g,1995,1995 INTERVIEW NUMBER
514,ER33202,float,%9.0g,1995,SEQUENCE NUMBER                       95
515,ER33203,float,%9.0g,1995,RELATION TO HEAD                      95
516,ER33204,float,%9.0g,1995,AGE OF INDIVIDUAL                     95
517,ER33207,byte,%8.0g,1995,MARITAL PAIRS INDICATOR               95
518,ER33208,byte,%8.0g,1995,WHETHER MOVED IN/OUT                  95
519,ER33217,byte,%8.0g,1995,HEALTH GOOD?                          95
520,ER7004A,byte,%8.0g,1996,FAMILY COMPOSITION CHANGE
521,ER7005,float,%9.0g,1996,# IN FU
522,ER7014,byte,%8.0g,1996,A4 TYPE DU
523,ER7015,byte,%8.0g,1996,A6 LIVE IN ELDERLY HSNG
524,ER7016,byte,%8.0g,1996,A7 TYPE ELDERLY HSNG
525,ER7031,byte,%8.0g,1996,A19 OWN/RENT OR WHAT
526,ER7032,float,%9.0g,1996,A20 HOUSE VALUE
527,ER7155,byte,%8.0g,1996,A42 MOVED SINCE SPG?
528,ER7158,byte,%8.0g,1996,A44 WHY MOVED 1ST
529,ER8969,byte,%8.0g,1996,H1 STATUS OF HEALTH-HEAD
530,ER8974,byte,%8.0g,1996,H28 STATUS OF HLTH-WIFE
531,ER9033,byte,%8.0g,1996,L1 CKPT: WTR NEW HEAD
532,ER33301,float,%9.0g,1996,1996 INTERVIEW NUMBER
533,ER33302,float,%9.0g,1996,SEQUENCE NUMBER                       96
534,ER33303,float,%9.0g,1996,RELATION TO HEAD                      96
535,ER33304,float,%9.0g,1996,AGE OF INDIVIDUAL                     96
536,ER33307,byte,%8.0g,1996,MARITAL PAIRS INDICATOR               96
537,ER33308,byte,%8.0g,1996,WHETHER MOVED IN/OUT                  96
538,ER33317,byte,%8.0g,1996,HEALTH GOOD?                          96
539,ER10004A,byte,%8.0g,1997,FAMILY COMPOSITION CHANGE
540,ER10008,float,%9.0g,1997,# IN FU
541,ER10017,byte,%8.0g,1997,A4 TYPE DU
542,ER10018,byte,%8.0g,1997,A6 LIVE IN ELDERLY HSNG
543,ER10019,byte,%8.0g,1997,A7 TYPE ELDERLY HSNG
544,ER10035,byte,%8.0g,1997,A19 OWN/RENT OR WHAT
545,ER10036,float,%9.0g,1997,A20 HOUSE VALUE
546,ER10072,byte,%8.0g,1997,A42 MOVED SINCE SPG?
547,ER10075,float,%9.0g,1997,A44 WHY MOVED 1ST
548,ER11723,byte,%8.0g,1997,H1 STATUS OF HEALTH-HEAD
549,ER11727,byte,%8.0g,1997,H8 STATUS OF HEALTH-WIFE
550,ER11812,byte,%8.0g,1997,L1 CKPT: WTR NEW HEAD
551,ER33401,float,%9.0g,1997,1997 INTERVIEW NUMBER
552,ER33402,float,%9.0g,1997,SEQUENCE NUMBER                       97
553,ER33403,float,%9.0g,1997,RELATION TO HEAD                      97
554,ER33404,float,%9.0g,1997,AGE OF INDIVIDUAL                     97
555,ER33407,byte,%8.0g,1997,MARITAL PAIRS INDICATOR               97
556,ER33408,byte,%8.0g,1997,WHETHER MOVED IN/OUT                  97
557,ER33417,byte,%8.0g,1997,HEALTH GOOD?                          97
558,ER13008A,byte,%8.0g,1999,FAMILY COMPOSITION CHANGE
559,ER13009,float,%9.0g,1999,# IN FU
560,ER13017,byte,%8.0g,1999,TYPE INSTITUTION
561,ER13022,byte,%8.0g,1999,A4 TYPE DU
562,ER13023,byte,%8.0g,1999,A6 LIVE IN ELDERLY HSNG
563,ER13024,byte,%8.0g,1999,A7 TYPE ELDERLY HSNG
564,ER13040,byte,%8.0g,1999,A19 OWN/RENT OR WHAT
565,ER13041,float,%9.0g,1999,A20 HOUSE VALUE
566,ER13077,byte,%8.0g,1999,A42 MOVED SINCE SPG?
567,ER13080,float,%9.0g,1999,A44 WHY MOVED 1ST
568,ER14236,byte,%8.0g,1999,F7D WTR ADULT IN ADULT DAY CARE PREV YR
569,ER15447,byte,%8.0g,1999,H1 STATUS OF HEALTH-HEAD
570,ER15555,byte,%8.0g,1999,H25 STATUS OF HEALTH
571,ER15890,byte,%8.0g,1999,L1 CKPT: WTR NEW HEAD
572,ER33501,float,%9.0g,1999,1999 INTERVIEW NUMBER
573,ER33502,float,%9.0g,1999,SEQUENCE NUMBER                       99
574,ER33503,float,%9.0g,1999,RELATION TO HEAD                      99
575,ER33504,float,%9.0g,1999,AGE OF INDIVIDUAL                     99
576,ER33507,byte,%8.0g,1999,MARITAL PAIRS INDICATOR               99
577,ER33508,byte,%8.0g,1999,WHETHER MOVED IN/OUT                  99
578,ER33517,byte,%8.0g,1999,HEALTH GOOD?                          99
579,ER17007,byte,%8.0g,2001,FAMILY COMPOSITION CHANGE
580,ER17012,float,%9.0g,2001,# IN FU
581,ER17020,byte,%8.0g,2001,TYPE INSTITUTION
582,ER17025,byte,%8.0g,2001,A4 TYPE DU
583,ER17026,byte,%8.0g,2001,A6 LIVE IN ELDERLY HSNG
584,ER17027,byte,%8.0g,2001,A7 TYPE ELDERLY HSNG
585,ER17043,byte,%8.0g,2001,A19 OWN/RENT OR WHAT
586,ER17044,float,%9.0g,2001,A20 HOUSE VALUE
587,ER17088,byte,%8.0g,2001,A42 MOVED SINCE SPG?
588,ER17091,float,%9.0g,2001,A44 WHY MOVED 1ST
589,ER18366,byte,%8.0g,2001,F7D WTR ADULT IN ADULT DAY CARE PREV YR
590,ER19612,byte,%8.0g,2001,H1 STATUS OF HEALTH-HEAD
591,ER19720,byte,%8.0g,2001,H25 STATUS OF HEALTH
592,ER19951,byte,%8.0g,2001,L1 CKPT: WTR NEW HEAD
593,ER33601,float,%9.0g,2001,2001 INTERVIEW NUMBER
594,ER33602,float,%9.0g,2001,SEQUENCE NUMBER                       01
595,ER33603,float,%9.0g,2001,RELATION TO HEAD                      01
596,ER33604,float,%9.0g,2001,AGE OF INDIVIDUAL                     01
597,ER33607,byte,%8.0g,2001,MARITAL PAIRS INDICATOR               01
598,ER33608,byte,%8.0g,2001,WHETHER MOVED IN/OUT                  01
599,ER33617,byte,%8.0g,2001,HEALTH GOOD?                          01
600,ER21007,byte,%8.0g,2003,FAMILY COMPOSITION CHANGE
601,ER21008,byte,%8.0g,2003,TYPE INSTITUTION
602,ER21016,float,%9.0g,2003,# IN FU
603,ER21024,byte,%8.0g,2003,A4 TYPE DU
604,ER21025,byte,%8.0g,2003,A6 LIVE IN ELDERLY HSNG
605,ER21026,byte,%8.0g,2003,A7 TYPE ELDERLY HSNG
606,ER21042,byte,%8.0g,2003,A19 OWN/RENT OR WHAT
607,ER21043,float,%9.0g,2003,A20 HOUSE VALUE
608,ER21117,byte,%8.0g,2003,A49 WTR MOVED SINCE JAN 1 OF PRIOR YEAR
609,ER21120,float,%9.0g,2003,A50 WHY MOVED 1ST
610,ER21632,byte,%8.0g,2003,F7D WTR ADULT IN ADULT DAY CARE PREV YR
611,ER23009,byte,%8.0g,2003,H1 HEALTH STATUS-HEAD
612,ER23136,byte,%8.0g,2003,H25 HEALTH STATUS-WIFE
613,ER23388,byte,%8.0g,2003,L1 CKPT: WTR NEW HEAD
614,ER33701,float,%9.0g,2003,2003 INTERVIEW NUMBER
615,ER33702,float,%9.0g,2003,SEQUENCE NUMBER                       03
616,ER33703,float,%9.0g,2003,RELATION TO HEAD                      03
617,ER33704,float,%9.0g,2003,AGE OF INDIVIDUAL                     03
618,ER33707,byte,%8.0g,2003,MARITAL PAIRS INDICATOR               03
619,ER33708,byte,%8.0g,2003,WHETHER MOVED IN/OUT                  03
620,ER33717,byte,%8.0g,2003,HEALTH GOOD?                          03
621,ER25007,byte,%8.0g,2005,FAMILY COMPOSITION CHANGE
622,ER25008,byte,%8.0g,2005,TYPE INSTITUTION
623,ER25016,float,%9.0g,2005,# IN FU
624,ER25024,byte,%8.0g,2005,A4 TYPE DU
625,ER25025,byte,%8.0g,2005,A6 LIVE IN ELDERLY HSNG
626,ER25026,byte,%8.0g,2005,A7 TYPE ELDERLY HSNG
627,ER25028,byte,%8.0g,2005,A19 OWN/RENT OR WHAT
628,ER25029,float,%9.0g,2005,A20 HOUSE VALUE
629,ER25098,byte,%8.0g,2005,A49 WTR MOVED SINCE JAN 1 OF PRIOR YEAR
630,ER25101,float,%9.0g,2005,A50 WHY MOVED 1ST
631,ER25634,byte,%8.0g,2005,F7 WTR ADULT IN ADULT DAY CARE PREV YR
632,ER26990,byte,%8.0g,2005,H1 HEALTH STATUS-HEAD
633,ER27113,byte,%8.0g,2005,H25 HEALTH STATUS-WIFE
634,ER27352,byte,%8.0g,2005,L1 CKPT: WTR NEW HEAD IN FU
635,ER28007,float,%9.0g,2005,TOTAL ASSET INCOME OF OTR FU MEMBRS-2004
636,ER33801,float,%9.0g,2005,2005 INTERVIEW NUMBER
637,ER33802,float,%9.0g,2005,SEQUENCE NUMBER                       05
638,ER33803,float,%9.0g,2005,RELATION TO HEAD                      05
639,ER33804,float,%9.0g,2005,AGE OF INDIVIDUAL                     05
640,ER33807,byte,%8.0g,2005,MARITAL PAIRS INDICATOR               05
641,ER33808,byte,%8.0g,2005,WHETHER MOVED IN/OUT                  05
642,ER33818,byte,%8.0g,2005,HEALTH GOOD?                          05
643,ER36007,byte,%8.0g,2007,FAMILY COMPOSITION CHANGE
644,ER36008,byte,%8.0g,2007,TYPE INSTITUTION
645,ER36016,float,%9.0g,2007,# IN FU
646,ER36024,byte,%8.0g,2007,A4 TYPE DU
647,ER36025,byte,%8.0g,2007,A6 LIVE IN ELDERLY HSNG
648,ER36026,byte,%8.0g,2007,A7 TYPE ELDERLY HSNG
649,ER36028,byte,%8.0g,2007,A19 OWN/RENT OR WHAT
650,ER36029,float,%9.0g,2007,A20 HOUSE VALUE
651,ER36103,byte,%8.0g,2007,A49 WTR MOVED SINCE JAN 1 OF PRIOR YEAR
652,ER36106,byte,%8.0g,2007,A50 WHY MOVED 1ST
653,ER36652,byte,%8.0g,2007,F7 WTR ADULT IN ADULT DAY CARE PREV YR
654,ER38202,byte,%8.0g,2007,H1 HEALTH STATUS-HEAD
655,ER39299,byte,%8.0g,2007,H1 HEALTH STATUS-WIFE
656,ER40527,byte,%8.0g,2007,L1 CKPT: WTR NEW HEAD IN FU
657,ER40997,float,%9.0g,2007,TOTAL ASSET INCOME OF OTR FU MEMBRS-2006
658,ER33901,float,%9.0g,2007,2007 INTERVIEW NUMBER
659,ER33902,float,%9.0g,2007,SEQUENCE NUMBER                       07
660,ER33903,float,%9.0g,2007,RELATION TO HEAD                      07
661,ER33904,float,%9.0g,2007,AGE OF INDIVIDUAL                     07
662,ER33907,byte,%8.0g,2007,MARITAL PAIRS INDICATOR               07
663,ER33908,byte,%8.0g,2007,WHETHER MOVED IN/OUT                  07
664,ER33918,byte,%8.0g,2007,HEALTH GOOD?                          07
665,ER42007,byte,%8.0g,2009,FAMILY COMPOSITION CHANGE
666,ER42008,byte,%8.0g,2009,TYPE INSTITUTION
667,ER42016,float,%9.0g,2009,# IN FU
668,ER42025,byte,%8.0g,2009,A4 TYPE DU
669,ER42026,byte,%8.0g,2009,A6 LIVE IN ELDERLY HSNG
670,ER42027,byte,%8.0g,2009,A7 TYPE ELDERLY HSNG
671,ER42029,byte,%8.0g,2009,A19 OWN/RENT OR WHAT
672,ER42030,float,%9.0g,2009,A20 HOUSE VALUE
673,ER42132,byte,%8.0g,2009,A49 WTR MOVED SINCE JAN 1 OF PRIOR YEAR
674,ER42135,byte,%8.0g,2009,A50 WHY MOVED 1ST MENTION
675,ER42671,byte,%8.0g,2009,F7 WTR ADULT IN ADULT DAY CARE PREV YR
676,ER44175,byte,%8.0g,2009,H1 HEALTH STATUS-HEAD
677,ER45272,byte,%8.0g,2009,H1 HEALTH STATUS-WIFE
678,ER46504,byte,%8.0g,2009,L1 CKPT: WTR NEW HEAD IN FU
679,ER46905,float,%9.0g,2009,TOTAL ASSET INCOME OF OTR FU MEMBRS-2008
680,ER34001,float,%9.0g,2009,2009 INTERVIEW NUMBER
681,ER34002,float,%9.0g,2009,SEQUENCE NUMBER                       09
682,ER34003,float,%9.0g,2009,RELATION TO HEAD                      09
683,ER34004,float,%9.0g,2009,AGE OF INDIVIDUAL                     09
684,ER34007,byte,%8.0g,2009,MARITAL PAIRS INDICATOR               09
685,ER34008,byte,%8.0g,2009,WHETHER MOVED IN/OUT                  09
686,ER34021,byte,%8.0g,2009,HEALTH GOOD?                          09
687,ER47307,byte,%8.0g,2011,FAMILY COMPOSITION CHANGE
688,ER47308,byte,%8.0g,2011,TYPE INSTITUTION
689,ER47316,float,%9.0g,2011,# IN FU
690,ER47325,byte,%8.0g,2011,A4 TYPE DU
691,ER47329,byte,%8.0g,2011,A19 OWN/RENT OR WHAT
692,ER47330,float,%9.0g,2011,A20 HOUSE VALUE
693,ER47440,byte,%8.0g,2011,A49 WTR MOVED SINCE JAN 1 OF PRIOR YEAR
694,ER47443,float,%9.0g,2011,A50 WHY MOVED 1ST MENTION
695,ER49494,byte,%8.0g,2011,H1 HEALTH STATUS-HEAD
696,ER50612,byte,%8.0g,2011,H1 HEALTH STATUS-WIFE
697,ER51865,byte,%8.0g,2011,L1 CKPT: WTR NEW HEAD IN FU
698,ER52313,float,%9.0g,2011,TOTAL ASSET INCOME OF OTR FU MEMBRS-2010
699,ER34101,float,%9.0g,2011,2011 INTERVIEW NUMBER
700,ER34102,float,%9.0g,2011,SEQUENCE NUMBER                       11
701,ER34103,float,%9.0g,2011,RELATION TO HEAD                      11
702,ER34104,float,%9.0g,2011,AGE OF INDIVIDUAL                     11
703,ER34107,byte,%8.0g,2011,MARITAL PAIRS INDICATOR               11
704,ER34108,byte,%8.0g,2011,WHETHER MOVED IN/OUT                  11
705,ER34120,byte,%8.0g,2011,HEALTH GOOD?                          11
